,mean_fit_time,std_fit_time,mean_score_time,std_score_time,param_C,param_degree,param_gamma,param_kernel,params,split0_test_score,split1_test_score,split2_test_score,split3_test_score,split4_test_score,mean_test_score,std_test_score,rank_test_score
54,0.011963797,0.000647359,0.005583858,0.000500172,2,2,auto,rbf,"{'C': 2, 'degree': 2, 'gamma': 'auto', 'kernel': 'rbf'}",0.734693878,0.693877551,0.724489796,0.744897959,0.744897959,0.728571429,0.018925752,1
62,0.01276083,0.00074613,0.005593824,0.00048799,2,3,auto,rbf,"{'C': 2, 'degree': 3, 'gamma': 'auto', 'kernel': 'rbf'}",0.734693878,0.693877551,0.724489796,0.744897959,0.744897959,0.728571429,0.018925752,1
70,0.014955473,0.00357013,0.009574318,0.007715219,2,4,auto,rbf,"{'C': 2, 'degree': 4, 'gamma': 'auto', 'kernel': 'rbf'}",0.734693878,0.693877551,0.724489796,0.744897959,0.744897959,0.728571429,0.018925752,1
101,0.011155128,0.000420099,0.002612209,0.00049315,10,2,auto,poly,"{'C': 10, 'degree': 2, 'gamma': 'auto', 'kernel': 'poly'}",0.734693878,0.673469388,0.765306122,0.734693878,0.724489796,0.726530612,0.029854569,4
79,0.010579586,0.001203607,0.004374981,0.001025863,5,2,auto,sigmoid,"{'C': 5, 'degree': 2, 'gamma': 'auto', 'kernel': 'sigmoid'}",0.744897959,0.704081633,0.724489796,0.704081633,0.744897959,0.724489796,0.018253616,5
87,0.010766602,0.000975501,0.003589439,0.001017872,5,3,auto,sigmoid,"{'C': 5, 'degree': 3, 'gamma': 'auto', 'kernel': 'sigmoid'}",0.744897959,0.704081633,0.724489796,0.704081633,0.744897959,0.724489796,0.018253616,5
95,0.011154461,0.000393218,0.002808094,0.000393113,5,4,auto,sigmoid,"{'C': 5, 'degree': 4, 'gamma': 'auto', 'kernel': 'sigmoid'}",0.744897959,0.704081633,0.724489796,0.704081633,0.744897959,0.724489796,0.018253616,5
96,0.006175327,0.000404243,0.002596092,0.000796254,10,2,scale,linear,"{'C': 10, 'degree': 2, 'gamma': 'scale', 'kernel': 'linear'}",0.683673469,0.714285714,0.765306122,0.683673469,0.765306122,0.72244898,0.036734694,8
100,0.005774689,0.000751959,0.002597284,0.00079916,10,2,auto,linear,"{'C': 10, 'degree': 2, 'gamma': 'auto', 'kernel': 'linear'}",0.683673469,0.714285714,0.765306122,0.683673469,0.765306122,0.72244898,0.036734694,8
104,0.006587124,0.000481315,0.002194118,0.000413212,10,3,scale,linear,"{'C': 10, 'degree': 3, 'gamma': 'scale', 'kernel': 'linear'}",0.683673469,0.714285714,0.765306122,0.683673469,0.765306122,0.72244898,0.036734694,8
108,0.006183147,0.000398989,0.002597761,0.00079425,10,3,auto,linear,"{'C': 10, 'degree': 3, 'gamma': 'auto', 'kernel': 'linear'}",0.683673469,0.714285714,0.765306122,0.683673469,0.765306122,0.72244898,0.036734694,8
112,0.005983829,0.000631053,0.00259347,0.000489259,10,4,scale,linear,"{'C': 10, 'degree': 4, 'gamma': 'scale', 'kernel': 'linear'}",0.683673469,0.714285714,0.765306122,0.683673469,0.765306122,0.72244898,0.036734694,8
116,0.006183672,0.000403258,0.002194023,0.000384696,10,4,auto,linear,"{'C': 10, 'degree': 4, 'gamma': 'auto', 'kernel': 'linear'}",0.683673469,0.714285714,0.765306122,0.683673469,0.765306122,0.72244898,0.036734694,8
120,0.007371664,0.001346603,0.002199221,0.000382961,50,2,scale,linear,"{'C': 50, 'degree': 2, 'gamma': 'scale', 'kernel': 'linear'}",0.683673469,0.714285714,0.765306122,0.673469388,0.765306122,0.720408163,0.039043115,14
124,0.006791306,0.000389207,0.002585316,0.000792639,50,2,auto,linear,"{'C': 50, 'degree': 2, 'gamma': 'auto', 'kernel': 'linear'}",0.683673469,0.714285714,0.765306122,0.673469388,0.765306122,0.720408163,0.039043115,14
128,0.006387138,0.001009637,0.002787542,0.000745398,50,3,scale,linear,"{'C': 50, 'degree': 3, 'gamma': 'scale', 'kernel': 'linear'}",0.683673469,0.714285714,0.765306122,0.673469388,0.765306122,0.720408163,0.039043115,14
132,0.00697732,1.19E-05,0.002398205,0.000484666,50,3,auto,linear,"{'C': 50, 'degree': 3, 'gamma': 'auto', 'kernel': 'linear'}",0.683673469,0.714285714,0.765306122,0.673469388,0.765306122,0.720408163,0.039043115,14
136,0.006577635,0.000482904,0.002797985,0.000974138,50,4,scale,linear,"{'C': 50, 'degree': 4, 'gamma': 'scale', 'kernel': 'linear'}",0.683673469,0.714285714,0.765306122,0.673469388,0.765306122,0.720408163,0.039043115,14
140,0.006188345,0.000410868,0.002383614,0.000488122,50,4,auto,linear,"{'C': 50, 'degree': 4, 'gamma': 'auto', 'kernel': 'linear'}",0.683673469,0.714285714,0.765306122,0.673469388,0.765306122,0.720408163,0.039043115,14
144,0.007785177,0.000742203,0.002194262,0.00039835,100,2,scale,linear,"{'C': 100, 'degree': 2, 'gamma': 'scale', 'kernel': 'linear'}",0.683673469,0.714285714,0.765306122,0.673469388,0.765306122,0.720408163,0.039043115,14
148,0.006782913,0.000399455,0.002392864,0.000486013,100,2,auto,linear,"{'C': 100, 'degree': 2, 'gamma': 'auto', 'kernel': 'linear'}",0.683673469,0.714285714,0.765306122,0.673469388,0.765306122,0.720408163,0.039043115,14
152,0.006964779,1.49E-05,0.002408934,0.000486272,100,3,scale,linear,"{'C': 100, 'degree': 3, 'gamma': 'scale', 'kernel': 'linear'}",0.683673469,0.714285714,0.765306122,0.673469388,0.765306122,0.720408163,0.039043115,14
156,0.00658288,0.000489139,0.002393103,0.00048815,100,3,auto,linear,"{'C': 100, 'degree': 3, 'gamma': 'auto', 'kernel': 'linear'}",0.683673469,0.714285714,0.765306122,0.673469388,0.765306122,0.720408163,0.039043115,14
160,0.006776237,0.000753533,0.002796602,0.000754905,100,4,scale,linear,"{'C': 100, 'degree': 4, 'gamma': 'scale', 'kernel': 'linear'}",0.683673469,0.714285714,0.765306122,0.673469388,0.765306122,0.720408163,0.039043115,14
164,0.00679183,0.000749132,0.002383995,0.000475634,100,4,auto,linear,"{'C': 100, 'degree': 4, 'gamma': 'auto', 'kernel': 'linear'}",0.683673469,0.714285714,0.765306122,0.673469388,0.765306122,0.720408163,0.039043115,14
0,0.006581926,0.000488636,0.002992582,0.000630826,0.5,2,scale,linear,"{'C': 0.5, 'degree': 2, 'gamma': 'scale', 'kernel': 'linear'}",0.724489796,0.683673469,0.744897959,0.704081633,0.744897959,0.720408163,0.023799804,26
4,0.005385542,0.000488792,0.002393675,0.000488461,0.5,2,auto,linear,"{'C': 0.5, 'degree': 2, 'gamma': 'auto', 'kernel': 'linear'}",0.724489796,0.683673469,0.744897959,0.704081633,0.744897959,0.720408163,0.023799804,26
8,0.005983686,1.59E-05,0.002188253,0.000388243,0.5,3,scale,linear,"{'C': 0.5, 'degree': 3, 'gamma': 'scale', 'kernel': 'linear'}",0.724489796,0.683673469,0.744897959,0.704081633,0.744897959,0.720408163,0.023799804,26
12,0.005187368,0.000398728,0.002591372,0.000477879,0.5,3,auto,linear,"{'C': 0.5, 'degree': 3, 'gamma': 'auto', 'kernel': 'linear'}",0.724489796,0.683673469,0.744897959,0.704081633,0.744897959,0.720408163,0.023799804,26
16,0.005973577,1.22E-05,0.002398205,0.000483068,0.5,4,scale,linear,"{'C': 0.5, 'degree': 4, 'gamma': 'scale', 'kernel': 'linear'}",0.724489796,0.683673469,0.744897959,0.704081633,0.744897959,0.720408163,0.023799804,26
20,0.005590582,0.000482214,0.002388,0.000470517,0.5,4,auto,linear,"{'C': 0.5, 'degree': 4, 'gamma': 'auto', 'kernel': 'linear'}",0.724489796,0.683673469,0.744897959,0.704081633,0.744897959,0.720408163,0.023799804,26
48,0.005179882,0.000402155,0.002207613,0.000393147,2,2,scale,linear,"{'C': 2, 'degree': 2, 'gamma': 'scale', 'kernel': 'linear'}",0.683673469,0.724489796,0.744897959,0.704081633,0.744897959,0.720408163,0.023799804,26
51,0.006979084,1.92E-05,0.002586174,0.000793713,2,2,scale,sigmoid,"{'C': 2, 'degree': 2, 'gamma': 'scale', 'kernel': 'sigmoid'}",0.724489796,0.693877551,0.714285714,0.734693878,0.734693878,0.720408163,0.015272071,26
52,0.005185509,0.000397516,0.002403736,0.000793539,2,2,auto,linear,"{'C': 2, 'degree': 2, 'gamma': 'auto', 'kernel': 'linear'}",0.683673469,0.724489796,0.744897959,0.704081633,0.744897959,0.720408163,0.023799804,26
56,0.00497756,0.000630231,0.00259366,0.000478604,2,3,scale,linear,"{'C': 2, 'degree': 3, 'gamma': 'scale', 'kernel': 'linear'}",0.683673469,0.724489796,0.744897959,0.704081633,0.744897959,0.720408163,0.023799804,26
59,0.006969023,1.55E-05,0.003196955,0.000745541,2,3,scale,sigmoid,"{'C': 2, 'degree': 3, 'gamma': 'scale', 'kernel': 'sigmoid'}",0.724489796,0.693877551,0.714285714,0.734693878,0.734693878,0.720408163,0.015272071,26
60,0.005395699,0.000792046,0.002383518,0.000475023,2,3,auto,linear,"{'C': 2, 'degree': 3, 'gamma': 'auto', 'kernel': 'linear'}",0.683673469,0.724489796,0.744897959,0.704081633,0.744897959,0.720408163,0.023799804,26
64,0.005387306,0.000489674,0.002596664,0.000490854,2,4,scale,linear,"{'C': 2, 'degree': 4, 'gamma': 'scale', 'kernel': 'linear'}",0.683673469,0.724489796,0.744897959,0.704081633,0.744897959,0.720408163,0.023799804,26
67,0.006976843,1.98E-05,0.002997828,0.001087705,2,4,scale,sigmoid,"{'C': 2, 'degree': 4, 'gamma': 'scale', 'kernel': 'sigmoid'}",0.724489796,0.693877551,0.714285714,0.734693878,0.734693878,0.720408163,0.015272071,26
68,0.005179167,0.000400547,0.002399492,0.000485074,2,4,auto,linear,"{'C': 2, 'degree': 4, 'gamma': 'auto', 'kernel': 'linear'}",0.683673469,0.724489796,0.744897959,0.704081633,0.744897959,0.720408163,0.023799804,26
127,0.008371782,0.000800938,0.002599287,0.000793183,50,2,auto,sigmoid,"{'C': 50, 'degree': 2, 'gamma': 'auto', 'kernel': 'sigmoid'}",0.683673469,0.724489796,0.744897959,0.704081633,0.744897959,0.720408163,0.023799804,26
135,0.00838747,0.001018675,0.002987814,0.000885714,50,3,auto,sigmoid,"{'C': 50, 'degree': 3, 'gamma': 'auto', 'kernel': 'sigmoid'}",0.683673469,0.724489796,0.744897959,0.704081633,0.744897959,0.720408163,0.023799804,26
143,0.008183718,0.000965006,0.002786922,0.000382763,50,4,auto,sigmoid,"{'C': 50, 'degree': 4, 'gamma': 'auto', 'kernel': 'sigmoid'}",0.683673469,0.724489796,0.744897959,0.704081633,0.744897959,0.720408163,0.023799804,26
3,0.008975887,0.000631129,0.004189157,0.000977691,0.5,2,scale,sigmoid,"{'C': 0.5, 'degree': 2, 'gamma': 'scale', 'kernel': 'sigmoid'}",0.704081633,0.693877551,0.744897959,0.744897959,0.704081633,0.718367347,0.021980265,44
11,0.009448004,0.001418424,0.00371089,0.000366624,0.5,3,scale,sigmoid,"{'C': 0.5, 'degree': 3, 'gamma': 'scale', 'kernel': 'sigmoid'}",0.704081633,0.693877551,0.744897959,0.744897959,0.704081633,0.718367347,0.021980265,44
19,0.008366537,0.000498594,0.003602123,0.000790703,0.5,4,scale,sigmoid,"{'C': 0.5, 'degree': 4, 'gamma': 'scale', 'kernel': 'sigmoid'}",0.704081633,0.693877551,0.744897959,0.744897959,0.704081633,0.718367347,0.021980265,44
24,0.005376768,0.000487902,0.002392626,0.000490198,1,2,scale,linear,"{'C': 1, 'degree': 2, 'gamma': 'scale', 'kernel': 'linear'}",0.704081633,0.693877551,0.744897959,0.704081633,0.744897959,0.718367347,0.021980265,44
27,0.007979774,0.000622024,0.003189993,0.000730986,1,2,scale,sigmoid,"{'C': 1, 'degree': 2, 'gamma': 'scale', 'kernel': 'sigmoid'}",0.714285714,0.693877551,0.704081633,0.734693878,0.744897959,0.718367347,0.018925752,44
28,0.005386829,0.00048891,0.002193928,0.000385443,1,2,auto,linear,"{'C': 1, 'degree': 2, 'gamma': 'auto', 'kernel': 'linear'}",0.704081633,0.693877551,0.744897959,0.704081633,0.744897959,0.718367347,0.021980265,44
32,0.005591726,0.000489281,0.002192879,0.000393447,1,3,scale,linear,"{'C': 1, 'degree': 3, 'gamma': 'scale', 'kernel': 'linear'}",0.704081633,0.693877551,0.744897959,0.704081633,0.744897959,0.718367347,0.021980265,44
35,0.007788944,0.000393021,0.003590822,0.000489947,1,3,scale,sigmoid,"{'C': 1, 'degree': 3, 'gamma': 'scale', 'kernel': 'sigmoid'}",0.714285714,0.693877551,0.704081633,0.734693878,0.744897959,0.718367347,0.018925752,44
36,0.00537529,0.000493999,0.002400446,0.000488938,1,3,auto,linear,"{'C': 1, 'degree': 3, 'gamma': 'auto', 'kernel': 'linear'}",0.704081633,0.693877551,0.744897959,0.704081633,0.744897959,0.718367347,0.021980265,44
40,0.005579185,0.000483038,0.002193737,0.000385492,1,4,scale,linear,"{'C': 1, 'degree': 4, 'gamma': 'scale', 'kernel': 'linear'}",0.704081633,0.693877551,0.744897959,0.704081633,0.744897959,0.718367347,0.021980265,44
43,0.0077847,0.000733031,0.002985716,0.00062226,1,4,scale,sigmoid,"{'C': 1, 'degree': 4, 'gamma': 'scale', 'kernel': 'sigmoid'}",0.714285714,0.693877551,0.704081633,0.734693878,0.744897959,0.718367347,0.018925752,44
44,0.005390978,0.000484417,0.002393103,0.000476425,1,4,auto,linear,"{'C': 1, 'degree': 4, 'gamma': 'auto', 'kernel': 'linear'}",0.704081633,0.693877551,0.744897959,0.704081633,0.744897959,0.718367347,0.021980265,44
78,0.013180923,0.000741945,0.005768061,0.000391752,5,2,auto,rbf,"{'C': 5, 'degree': 2, 'gamma': 'auto', 'kernel': 'rbf'}",0.714285714,0.683673469,0.744897959,0.704081633,0.744897959,0.718367347,0.023799804,44
86,0.013154221,0.000404286,0.005596542,0.000476327,5,3,auto,rbf,"{'C': 5, 'degree': 3, 'gamma': 'auto', 'kernel': 'rbf'}",0.714285714,0.683673469,0.744897959,0.704081633,0.744897959,0.718367347,0.023799804,44
94,0.013369179,0.001351154,0.00538559,0.00079819,5,4,auto,rbf,"{'C': 5, 'degree': 4, 'gamma': 'auto', 'kernel': 'rbf'}",0.714285714,0.683673469,0.744897959,0.704081633,0.744897959,0.718367347,0.023799804,44
151,0.007581568,0.00049082,0.002792025,0.000755285,100,2,auto,sigmoid,"{'C': 100, 'degree': 2, 'gamma': 'auto', 'kernel': 'sigmoid'}",0.683673469,0.714285714,0.744897959,0.693877551,0.755102041,0.718367347,0.027833024,44
159,0.007375669,0.000480384,0.002995729,0.000631505,100,3,auto,sigmoid,"{'C': 100, 'degree': 3, 'gamma': 'auto', 'kernel': 'sigmoid'}",0.683673469,0.714285714,0.744897959,0.693877551,0.755102041,0.718367347,0.027833024,44
167,0.007973623,0.000632975,0.002206469,0.000407735,100,4,auto,sigmoid,"{'C': 100, 'degree': 4, 'gamma': 'auto', 'kernel': 'sigmoid'}",0.683673469,0.714285714,0.744897959,0.693877551,0.755102041,0.718367347,0.027833024,44
55,0.010759449,0.000744008,0.003003836,0.00089876,2,2,auto,sigmoid,"{'C': 2, 'degree': 2, 'gamma': 'auto', 'kernel': 'sigmoid'}",0.714285714,0.683673469,0.755102041,0.724489796,0.714285714,0.718367347,0.022908106,62
63,0.010181904,0.000408381,0.003785372,0.000399556,2,3,auto,sigmoid,"{'C': 2, 'degree': 3, 'gamma': 'auto', 'kernel': 'sigmoid'}",0.714285714,0.683673469,0.755102041,0.724489796,0.714285714,0.718367347,0.022908106,62
71,0.011168098,0.000746852,0.003393126,0.000799633,2,4,auto,sigmoid,"{'C': 2, 'degree': 4, 'gamma': 'auto', 'kernel': 'sigmoid'}",0.714285714,0.683673469,0.755102041,0.724489796,0.714285714,0.718367347,0.022908106,62
72,0.005795574,0.00039023,0.002187872,0.000387123,5,2,scale,linear,"{'C': 5, 'degree': 2, 'gamma': 'scale', 'kernel': 'linear'}",0.683673469,0.724489796,0.744897959,0.683673469,0.755102041,0.718367347,0.029993752,62
76,0.006170893,0.00039175,0.003003216,0.000898095,5,2,auto,linear,"{'C': 5, 'degree': 2, 'gamma': 'auto', 'kernel': 'linear'}",0.683673469,0.724489796,0.744897959,0.683673469,0.755102041,0.718367347,0.029993752,62
80,0.005977917,2.04E-05,0.002196646,0.000398705,5,3,scale,linear,"{'C': 5, 'degree': 3, 'gamma': 'scale', 'kernel': 'linear'}",0.683673469,0.724489796,0.744897959,0.683673469,0.755102041,0.718367347,0.029993752,62
84,0.005589199,0.000486906,0.002387524,0.000485518,5,3,auto,linear,"{'C': 5, 'degree': 3, 'gamma': 'auto', 'kernel': 'linear'}",0.683673469,0.724489796,0.744897959,0.683673469,0.755102041,0.718367347,0.029993752,62
88,0.005790234,0.000387669,0.002189159,0.00040189,5,4,scale,linear,"{'C': 5, 'degree': 4, 'gamma': 'scale', 'kernel': 'linear'}",0.683673469,0.724489796,0.744897959,0.683673469,0.755102041,0.718367347,0.029993752,62
92,0.005783844,0.000746622,0.002593994,0.000489301,5,4,auto,linear,"{'C': 5, 'degree': 4, 'gamma': 'auto', 'kernel': 'linear'}",0.683673469,0.724489796,0.744897959,0.683673469,0.755102041,0.718367347,0.029993752,62
102,0.013155365,0.000406653,0.005190611,0.000743165,10,2,auto,rbf,"{'C': 10, 'degree': 2, 'gamma': 'auto', 'kernel': 'rbf'}",0.693877551,0.683673469,0.755102041,0.704081633,0.744897959,0.716326531,0.028425282,71
103,0.009381819,0.000484629,0.002586794,0.000796163,10,2,auto,sigmoid,"{'C': 10, 'degree': 2, 'gamma': 'auto', 'kernel': 'sigmoid'}",0.704081633,0.683673469,0.744897959,0.704081633,0.744897959,0.716326531,0.024489796,71
110,0.013170147,0.000396566,0.005180359,0.000740994,10,3,auto,rbf,"{'C': 10, 'degree': 3, 'gamma': 'auto', 'kernel': 'rbf'}",0.693877551,0.683673469,0.755102041,0.704081633,0.744897959,0.716326531,0.028425282,71
111,0.008974648,0.000629922,0.002793026,0.000746914,10,3,auto,sigmoid,"{'C': 10, 'degree': 3, 'gamma': 'auto', 'kernel': 'sigmoid'}",0.704081633,0.683673469,0.744897959,0.704081633,0.744897959,0.716326531,0.024489796,71
118,0.013159275,0.000762781,0.005589724,0.000483259,10,4,auto,rbf,"{'C': 10, 'degree': 4, 'gamma': 'auto', 'kernel': 'rbf'}",0.693877551,0.683673469,0.755102041,0.704081633,0.744897959,0.716326531,0.028425282,71
119,0.008981991,0.001086131,0.003783417,0.000384238,10,4,auto,sigmoid,"{'C': 10, 'degree': 4, 'gamma': 'auto', 'kernel': 'sigmoid'}",0.704081633,0.683673469,0.744897959,0.704081633,0.744897959,0.716326531,0.024489796,71
1,0.010172462,0.000976922,0.003191853,0.000398922,0.5,2,scale,poly,"{'C': 0.5, 'degree': 2, 'gamma': 'scale', 'kernel': 'poly'}",0.714285714,0.683673469,0.714285714,0.724489796,0.734693878,0.714285714,0.017074694,77
30,0.01197257,0.000886618,0.005974865,1.49E-05,1,2,auto,rbf,"{'C': 1, 'degree': 2, 'gamma': 'auto', 'kernel': 'rbf'}",0.714285714,0.673469388,0.755102041,0.704081633,0.714285714,0.712244898,0.026135201,78
38,0.01175704,0.000393854,0.005995178,0.000622246,1,3,auto,rbf,"{'C': 1, 'degree': 3, 'gamma': 'auto', 'kernel': 'rbf'}",0.714285714,0.673469388,0.755102041,0.704081633,0.714285714,0.712244898,0.026135201,78
46,0.012565851,0.001002941,0.005787945,0.000394438,1,4,auto,rbf,"{'C': 1, 'degree': 4, 'gamma': 'auto', 'kernel': 'rbf'}",0.714285714,0.673469388,0.755102041,0.704081633,0.714285714,0.712244898,0.026135201,78
74,0.012166595,0.000399427,0.005586386,0.000477752,5,2,scale,rbf,"{'C': 5, 'degree': 2, 'gamma': 'scale', 'kernel': 'rbf'}",0.704081633,0.673469388,0.755102041,0.704081633,0.724489796,0.712244898,0.026920216,81
82,0.012564516,0.000782494,0.004999113,0.000892324,5,3,scale,rbf,"{'C': 5, 'degree': 3, 'gamma': 'scale', 'kernel': 'rbf'}",0.704081633,0.673469388,0.755102041,0.704081633,0.724489796,0.712244898,0.026920216,81
90,0.012764215,0.001160251,0.005586767,0.000478741,5,4,scale,rbf,"{'C': 5, 'degree': 4, 'gamma': 'scale', 'kernel': 'rbf'}",0.704081633,0.673469388,0.755102041,0.704081633,0.724489796,0.712244898,0.026920216,81
25,0.010573149,0.000489302,0.002791166,0.000400782,1,2,scale,poly,"{'C': 1, 'degree': 2, 'gamma': 'scale', 'kernel': 'poly'}",0.704081633,0.673469388,0.734693878,0.704081633,0.734693878,0.710204082,0.022908106,84
50,0.012366438,0.001347639,0.005590534,0.000493129,2,2,scale,rbf,"{'C': 2, 'degree': 2, 'gamma': 'scale', 'kernel': 'rbf'}",0.704081633,0.683673469,0.724489796,0.693877551,0.744897959,0.710204082,0.021980265,84
57,0.010365963,0.000492429,0.002799034,0.000389397,2,3,scale,poly,"{'C': 2, 'degree': 3, 'gamma': 'scale', 'kernel': 'poly'}",0.693877551,0.673469388,0.765306122,0.693877551,0.724489796,0.710204082,0.032008953,84
58,0.012172556,0.000751653,0.00459342,0.000793717,2,3,scale,rbf,"{'C': 2, 'degree': 3, 'gamma': 'scale', 'kernel': 'rbf'}",0.704081633,0.683673469,0.724489796,0.693877551,0.744897959,0.710204082,0.021980265,84
66,0.012356186,0.000487337,0.004597902,0.000788778,2,4,scale,rbf,"{'C': 2, 'degree': 4, 'gamma': 'scale', 'kernel': 'rbf'}",0.704081633,0.683673469,0.724489796,0.693877551,0.744897959,0.710204082,0.021980265,84
133,0.010370588,0.000785447,0.003601789,0.000790402,50,3,auto,poly,"{'C': 50, 'degree': 3, 'gamma': 'auto', 'kernel': 'poly'}",0.734693878,0.673469388,0.744897959,0.673469388,0.724489796,0.710204082,0.030680197,84
2,0.011570787,0.000804795,0.005383778,0.000786299,0.5,2,scale,rbf,"{'C': 0.5, 'degree': 2, 'gamma': 'scale', 'kernel': 'rbf'}",0.734693878,0.683673469,0.714285714,0.683673469,0.724489796,0.708163265,0.02101149,90
10,0.012379503,0.000492493,0.005583811,0.000476044,0.5,3,scale,rbf,"{'C': 0.5, 'degree': 3, 'gamma': 'scale', 'kernel': 'rbf'}",0.734693878,0.683673469,0.714285714,0.683673469,0.724489796,0.708163265,0.02101149,90
18,0.012776995,0.000742171,0.005773449,0.000394135,0.5,4,scale,rbf,"{'C': 0.5, 'degree': 4, 'gamma': 'scale', 'kernel': 'rbf'}",0.734693878,0.683673469,0.714285714,0.683673469,0.724489796,0.708163265,0.02101149,90
33,0.009987307,1.30E-05,0.003376484,0.000490151,1,3,scale,poly,"{'C': 1, 'degree': 3, 'gamma': 'scale', 'kernel': 'poly'}",0.704081633,0.673469388,0.734693878,0.683673469,0.734693878,0.706122449,0.025325865,93
65,0.010967445,0.000631521,0.002595282,0.000790743,2,4,scale,poly,"{'C': 2, 'degree': 4, 'gamma': 'scale', 'kernel': 'poly'}",0.714285714,0.663265306,0.744897959,0.693877551,0.714285714,0.706122449,0.026920216,93
89,0.011568642,0.000500835,0.002196074,0.000399125,5,4,scale,poly,"{'C': 5, 'degree': 4, 'gamma': 'scale', 'kernel': 'poly'}",0.714285714,0.663265306,0.744897959,0.693877551,0.714285714,0.706122449,0.026920216,93
113,0.009970379,0.000638454,0.003400278,0.000481722,10,4,scale,poly,"{'C': 10, 'degree': 4, 'gamma': 'scale', 'kernel': 'poly'}",0.714285714,0.663265306,0.744897959,0.693877551,0.714285714,0.706122449,0.026920216,93
125,0.010385323,0.000476329,0.003776598,0.000404503,50,2,auto,poly,"{'C': 50, 'degree': 2, 'gamma': 'auto', 'kernel': 'poly'}",0.693877551,0.673469388,0.734693878,0.693877551,0.734693878,0.706122449,0.024489796,93
137,0.009952211,9.96E-06,0.00339632,0.000505034,50,4,scale,poly,"{'C': 50, 'degree': 4, 'gamma': 'scale', 'kernel': 'poly'}",0.714285714,0.663265306,0.744897959,0.693877551,0.714285714,0.706122449,0.026920216,93
161,0.009960842,0.001106796,0.002200365,0.000382372,100,4,scale,poly,"{'C': 100, 'degree': 4, 'gamma': 'scale', 'kernel': 'poly'}",0.714285714,0.663265306,0.744897959,0.693877551,0.714285714,0.706122449,0.026920216,93
17,0.010576105,0.001342604,0.003186703,0.000740419,0.5,4,scale,poly,"{'C': 0.5, 'degree': 4, 'gamma': 'scale', 'kernel': 'poly'}",0.693877551,0.683673469,0.744897959,0.704081633,0.704081633,0.706122449,0.020812325,100
98,0.012564945,0.000476166,0.005197239,0.000751256,10,2,scale,rbf,"{'C': 10, 'degree': 2, 'gamma': 'scale', 'kernel': 'rbf'}",0.704081633,0.663265306,0.734693878,0.693877551,0.724489796,0.704081633,0.024994793,101
106,0.012570715,0.001014515,0.004788399,0.000739924,10,3,scale,rbf,"{'C': 10, 'degree': 3, 'gamma': 'scale', 'kernel': 'rbf'}",0.704081633,0.663265306,0.734693878,0.693877551,0.724489796,0.704081633,0.024994793,101
114,0.017348003,0.005838854,0.005983782,0.000630526,10,4,scale,rbf,"{'C': 10, 'degree': 4, 'gamma': 'scale', 'kernel': 'rbf'}",0.704081633,0.663265306,0.734693878,0.693877551,0.724489796,0.704081633,0.024994793,101
122,0.012973166,0.00108177,0.005582952,0.000488851,50,2,scale,rbf,"{'C': 50, 'degree': 2, 'gamma': 'scale', 'kernel': 'rbf'}",0.704081633,0.663265306,0.734693878,0.693877551,0.724489796,0.704081633,0.024994793,101
126,0.0125669,0.000783781,0.004996395,0.000896396,50,2,auto,rbf,"{'C': 50, 'degree': 2, 'gamma': 'auto', 'kernel': 'rbf'}",0.683673469,0.673469388,0.724489796,0.683673469,0.755102041,0.704081633,0.030950512,101
130,0.012377071,0.000479523,0.004987526,0.000878232,50,3,scale,rbf,"{'C': 50, 'degree': 3, 'gamma': 'scale', 'kernel': 'rbf'}",0.704081633,0.663265306,0.734693878,0.693877551,0.724489796,0.704081633,0.024994793,101
134,0.012965393,0.000622333,0.005579138,0.000496735,50,3,auto,rbf,"{'C': 50, 'degree': 3, 'gamma': 'auto', 'kernel': 'rbf'}",0.683673469,0.673469388,0.724489796,0.683673469,0.755102041,0.704081633,0.030950512,101
138,0.013360405,0.001355767,0.00479188,0.000748704,50,4,scale,rbf,"{'C': 50, 'degree': 4, 'gamma': 'scale', 'kernel': 'rbf'}",0.704081633,0.663265306,0.734693878,0.693877551,0.724489796,0.704081633,0.024994793,101
142,0.012381983,0.000475786,0.004981041,0.000640056,50,4,auto,rbf,"{'C': 50, 'degree': 4, 'gamma': 'auto', 'kernel': 'rbf'}",0.683673469,0.673469388,0.724489796,0.683673469,0.755102041,0.704081633,0.030950512,101
146,0.01336689,0.001010758,0.005177927,0.000403622,100,2,scale,rbf,"{'C': 100, 'degree': 2, 'gamma': 'scale', 'kernel': 'rbf'}",0.704081633,0.663265306,0.734693878,0.693877551,0.724489796,0.704081633,0.024994793,101
154,0.011568356,0.000488871,0.004786873,0.000386344,100,3,scale,rbf,"{'C': 100, 'degree': 3, 'gamma': 'scale', 'kernel': 'rbf'}",0.704081633,0.663265306,0.734693878,0.693877551,0.724489796,0.704081633,0.024994793,101
162,0.011568832,0.000511257,0.004588652,0.000475947,100,4,scale,rbf,"{'C': 100, 'degree': 4, 'gamma': 'scale', 'kernel': 'rbf'}",0.704081633,0.663265306,0.734693878,0.693877551,0.724489796,0.704081633,0.024994793,101
41,0.010975981,0.000629965,0.002394438,0.000488521,1,4,scale,poly,"{'C': 1, 'degree': 4, 'gamma': 'scale', 'kernel': 'poly'}",0.704081633,0.663265306,0.744897959,0.693877551,0.704081633,0.702040816,0.026135201,113
73,0.010775185,0.000754241,0.003586102,0.000494954,5,2,scale,poly,"{'C': 5, 'degree': 2, 'gamma': 'scale', 'kernel': 'poly'}",0.683673469,0.673469388,0.724489796,0.673469388,0.755102041,0.702040816,0.03252526,113
9,0.009774256,0.000385746,0.003389454,0.000500603,0.5,3,scale,poly,"{'C': 0.5, 'degree': 3, 'gamma': 'scale', 'kernel': 'poly'}",0.704081633,0.663265306,0.714285714,0.693877551,0.724489796,0.7,0.02101149,115
49,0.009569216,0.0004846,0.003385401,0.000483328,2,2,scale,poly,"{'C': 2, 'degree': 2, 'gamma': 'scale', 'kernel': 'poly'}",0.693877551,0.673469388,0.704081633,0.683673469,0.744897959,0.7,0.024659277,115
81,0.011374903,0.000484227,0.002787209,0.000737932,5,3,scale,poly,"{'C': 5, 'degree': 3, 'gamma': 'scale', 'kernel': 'poly'}",0.693877551,0.663265306,0.744897959,0.693877551,0.704081633,0.7,0.026294079,115
105,0.011186457,0.000736651,0.002982187,0.000875722,10,3,scale,poly,"{'C': 10, 'degree': 3, 'gamma': 'scale', 'kernel': 'poly'}",0.693877551,0.663265306,0.744897959,0.693877551,0.704081633,0.7,0.026294079,115
129,0.010372066,0.000500302,0.003385782,0.000505148,50,3,scale,poly,"{'C': 50, 'degree': 3, 'gamma': 'scale', 'kernel': 'poly'}",0.693877551,0.663265306,0.744897959,0.693877551,0.704081633,0.7,0.026294079,115
149,0.00958128,0.000493791,0.002785921,0.000980697,100,2,auto,poly,"{'C': 100, 'degree': 2, 'gamma': 'auto', 'kernel': 'poly'}",0.704081633,0.673469388,0.704081633,0.673469388,0.744897959,0.7,0.026294079,115
150,0.01196456,0.000906619,0.004393148,0.000807216,100,2,auto,rbf,"{'C': 100, 'degree': 2, 'gamma': 'auto', 'kernel': 'rbf'}",0.673469388,0.683673469,0.714285714,0.673469388,0.755102041,0.7,0.031351615,115
153,0.011560059,0.002724672,0.002403784,0.000481107,100,3,scale,poly,"{'C': 100, 'degree': 3, 'gamma': 'scale', 'kernel': 'poly'}",0.693877551,0.663265306,0.744897959,0.693877551,0.704081633,0.7,0.026294079,115
158,0.011771774,0.000740984,0.004982901,1.38E-05,100,3,auto,rbf,"{'C': 100, 'degree': 3, 'gamma': 'auto', 'kernel': 'rbf'}",0.673469388,0.683673469,0.714285714,0.673469388,0.755102041,0.7,0.031351615,115
166,0.012355995,0.000803695,0.004592943,0.000785089,100,4,auto,rbf,"{'C': 100, 'degree': 4, 'gamma': 'auto', 'kernel': 'rbf'}",0.673469388,0.683673469,0.714285714,0.673469388,0.755102041,0.7,0.031351615,115
97,0.010365915,0.00080154,0.003390932,0.000798571,10,2,scale,poly,"{'C': 10, 'degree': 2, 'gamma': 'scale', 'kernel': 'poly'}",0.683673469,0.673469388,0.714285714,0.693877551,0.724489796,0.697959184,0.018925752,125
121,0.011774635,0.000401956,0.002387476,0.000493622,50,2,scale,poly,"{'C': 50, 'degree': 2, 'gamma': 'scale', 'kernel': 'poly'}",0.683673469,0.673469388,0.714285714,0.693877551,0.724489796,0.697959184,0.018925752,125
145,0.011373663,0.000475658,0.002794266,0.000966984,100,2,scale,poly,"{'C': 100, 'degree': 2, 'gamma': 'scale', 'kernel': 'poly'}",0.683673469,0.673469388,0.714285714,0.693877551,0.724489796,0.697959184,0.018925752,125
26,0.012361288,0.000493401,0.004997969,0.000637898,1,2,scale,rbf,"{'C': 1, 'degree': 2, 'gamma': 'scale', 'kernel': 'rbf'}",0.704081633,0.663265306,0.704081633,0.693877551,0.724489796,0.697959184,0.019995835,128
34,0.011581373,0.000476218,0.005163193,0.000410319,1,3,scale,rbf,"{'C': 1, 'degree': 3, 'gamma': 'scale', 'kernel': 'rbf'}",0.704081633,0.663265306,0.704081633,0.693877551,0.724489796,0.697959184,0.019995835,128
42,0.011755657,0.000404332,0.005197239,0.000405721,1,4,scale,rbf,"{'C': 1, 'degree': 4, 'gamma': 'scale', 'kernel': 'rbf'}",0.704081633,0.663265306,0.704081633,0.693877551,0.724489796,0.697959184,0.019995835,128
157,0.010173559,0.000412615,0.002392864,0.000476541,100,3,auto,poly,"{'C': 100, 'degree': 3, 'gamma': 'auto', 'kernel': 'poly'}",0.704081633,0.663265306,0.714285714,0.683673469,0.704081633,0.693877551,0.018253616,131
31,0.012222338,0.000912257,0.003535223,0.000687396,1,2,auto,sigmoid,"{'C': 1, 'degree': 2, 'gamma': 'auto', 'kernel': 'sigmoid'}",0.704081633,0.693877551,0.683673469,0.683673469,0.683673469,0.689795918,0.008163265,132
39,0.011558676,0.000804684,0.00379591,0.000748376,1,3,auto,sigmoid,"{'C': 1, 'degree': 3, 'gamma': 'auto', 'kernel': 'sigmoid'}",0.704081633,0.693877551,0.683673469,0.683673469,0.683673469,0.689795918,0.008163265,132
47,0.011561584,0.000483617,0.00319252,0.000384668,1,4,auto,sigmoid,"{'C': 1, 'degree': 4, 'gamma': 'auto', 'kernel': 'sigmoid'}",0.704081633,0.693877551,0.683673469,0.683673469,0.683673469,0.689795918,0.008163265,132
6,0.011750031,0.000734656,0.006199884,0.000742087,0.5,2,auto,rbf,"{'C': 0.5, 'degree': 2, 'gamma': 'auto', 'kernel': 'rbf'}",0.704081633,0.683673469,0.683673469,0.683673469,0.693877551,0.689795918,0.008163265,135
14,0.012350368,0.000479807,0.006210279,0.000746017,0.5,3,auto,rbf,"{'C': 0.5, 'degree': 3, 'gamma': 'auto', 'kernel': 'rbf'}",0.704081633,0.683673469,0.683673469,0.683673469,0.693877551,0.689795918,0.008163265,135
22,0.012570381,0.0004715,0.006178188,0.000755348,0.5,4,auto,rbf,"{'C': 0.5, 'degree': 4, 'gamma': 'auto', 'kernel': 'rbf'}",0.704081633,0.683673469,0.683673469,0.683673469,0.693877551,0.689795918,0.008163265,135
77,0.010577726,0.000479853,0.003385925,0.000773422,5,2,auto,poly,"{'C': 5, 'degree': 2, 'gamma': 'auto', 'kernel': 'poly'}",0.704081633,0.673469388,0.714285714,0.663265306,0.683673469,0.687755102,0.018925752,138
75,0.006385517,0.000482805,0.003000021,0.000627326,5,2,scale,sigmoid,"{'C': 5, 'degree': 2, 'gamma': 'scale', 'kernel': 'sigmoid'}",0.714285714,0.663265306,0.663265306,0.663265306,0.704081633,0.681632653,0.022725569,139
83,0.00638113,0.000486926,0.002599049,0.000484527,5,3,scale,sigmoid,"{'C': 5, 'degree': 3, 'gamma': 'scale', 'kernel': 'sigmoid'}",0.714285714,0.663265306,0.663265306,0.663265306,0.704081633,0.681632653,0.022725569,139
91,0.006382847,0.000488597,0.003191662,0.000399614,5,4,scale,sigmoid,"{'C': 5, 'degree': 4, 'gamma': 'scale', 'kernel': 'sigmoid'}",0.714285714,0.663265306,0.663265306,0.663265306,0.704081633,0.681632653,0.022725569,139
99,0.006183243,0.000748383,0.002990913,0.000629701,10,2,scale,sigmoid,"{'C': 10, 'degree': 2, 'gamma': 'scale', 'kernel': 'sigmoid'}",0.693877551,0.642857143,0.683673469,0.704081633,0.683673469,0.681632653,0.020812325,139
107,0.006188297,0.000410147,0.002588558,0.000473448,10,3,scale,sigmoid,"{'C': 10, 'degree': 3, 'gamma': 'scale', 'kernel': 'sigmoid'}",0.693877551,0.642857143,0.683673469,0.704081633,0.683673469,0.681632653,0.020812325,139
115,0.005983734,0.001092972,0.00299201,0.000892443,10,4,scale,sigmoid,"{'C': 10, 'degree': 4, 'gamma': 'scale', 'kernel': 'sigmoid'}",0.693877551,0.642857143,0.683673469,0.704081633,0.683673469,0.681632653,0.020812325,139
147,0.00538516,0.000489698,0.002597761,0.000482146,100,2,scale,sigmoid,"{'C': 100, 'degree': 2, 'gamma': 'scale', 'kernel': 'sigmoid'}",0.693877551,0.62244898,0.632653061,0.734693878,0.683673469,0.673469388,0.041323381,145
155,0.005778933,0.000732829,0.002204657,0.000406121,100,3,scale,sigmoid,"{'C': 100, 'degree': 3, 'gamma': 'scale', 'kernel': 'sigmoid'}",0.693877551,0.62244898,0.632653061,0.734693878,0.683673469,0.673469388,0.041323381,145
163,0.00538516,0.00047772,0.002587986,0.000485088,100,4,scale,sigmoid,"{'C': 100, 'degree': 4, 'gamma': 'scale', 'kernel': 'sigmoid'}",0.693877551,0.62244898,0.632653061,0.734693878,0.683673469,0.673469388,0.041323381,145
123,0.005989313,0.000624861,0.003190136,0.000739856,50,2,scale,sigmoid,"{'C': 50, 'degree': 2, 'gamma': 'scale', 'kernel': 'sigmoid'}",0.683673469,0.632653061,0.612244898,0.714285714,0.632653061,0.655102041,0.037851504,148
131,0.005973387,0.000629274,0.002995348,0.000883386,50,3,scale,sigmoid,"{'C': 50, 'degree': 3, 'gamma': 'scale', 'kernel': 'sigmoid'}",0.683673469,0.632653061,0.612244898,0.714285714,0.632653061,0.655102041,0.037851504,148
139,0.005779171,0.000397654,0.00319705,0.000970469,50,4,scale,sigmoid,"{'C': 50, 'degree': 4, 'gamma': 'scale', 'kernel': 'sigmoid'}",0.683673469,0.632653061,0.612244898,0.714285714,0.632653061,0.655102041,0.037851504,148
7,0.012175894,0.000397858,0.003587914,0.000487606,0.5,2,auto,sigmoid,"{'C': 0.5, 'degree': 2, 'gamma': 'auto', 'kernel': 'sigmoid'}",0.653061224,0.653061224,0.591836735,0.602040816,0.683673469,0.636734694,0.034513336,151
15,0.012570715,0.00100289,0.003391171,0.000488313,0.5,3,auto,sigmoid,"{'C': 0.5, 'degree': 3, 'gamma': 'auto', 'kernel': 'sigmoid'}",0.653061224,0.653061224,0.591836735,0.602040816,0.683673469,0.636734694,0.034513336,151
23,0.012568235,0.000785538,0.003788471,0.000739913,0.5,4,auto,sigmoid,"{'C': 0.5, 'degree': 4, 'gamma': 'auto', 'kernel': 'sigmoid'}",0.653061224,0.653061224,0.591836735,0.602040816,0.683673469,0.636734694,0.034513336,151
165,0.011370039,0.00050188,0.002592611,0.000488952,100,4,auto,poly,"{'C': 100, 'degree': 4, 'gamma': 'auto', 'kernel': 'poly'}",0.591836735,0.663265306,0.62244898,0.62244898,0.632653061,0.626530612,0.022908106,154
53,0.01136961,0.000487054,0.003385496,0.000480543,2,2,auto,poly,"{'C': 2, 'degree': 2, 'gamma': 'auto', 'kernel': 'poly'}",0.581632653,0.571428571,0.540816327,0.673469388,0.56122449,0.585714286,0.045907028,155
109,0.013161612,0.000966705,0.003384686,0.000793285,10,3,auto,poly,"{'C': 10, 'degree': 3, 'gamma': 'auto', 'kernel': 'poly'}",0.540816327,0.448979592,0.530612245,0.479591837,0.489795918,0.497959184,0.033781521,156
141,0.012959909,1.20E-05,0.002587128,0.000799549,50,4,auto,poly,"{'C': 50, 'degree': 4, 'gamma': 'auto', 'kernel': 'poly'}",0.418367347,0.37755102,0.43877551,0.428571429,0.43877551,0.420408163,0.022725569,157
29,0.012157011,0.000393354,0.002403641,0.000789914,1,2,auto,poly,"{'C': 1, 'degree': 2, 'gamma': 'auto', 'kernel': 'poly'}",0.316326531,0.306122449,0.306122449,0.316326531,0.306122449,0.310204082,0.004998959,158
85,0.01277194,0.000760869,0.003185797,0.000740195,5,3,auto,poly,"{'C': 5, 'degree': 3, 'gamma': 'auto', 'kernel': 'poly'}",0.214285714,0.183673469,0.244897959,0.204081633,0.214285714,0.212244898,0.019786448,159
5,0.011383629,0.001009177,0.002789354,0.000397703,0.5,2,auto,poly,"{'C': 0.5, 'degree': 2, 'gamma': 'auto', 'kernel': 'poly'}",0.163265306,0.163265306,0.163265306,0.163265306,0.163265306,0.163265306,0,160
13,0.011772823,0.000757418,0.003385305,0.000493218,0.5,3,auto,poly,"{'C': 0.5, 'degree': 3, 'gamma': 'auto', 'kernel': 'poly'}",0.163265306,0.163265306,0.163265306,0.163265306,0.163265306,0.163265306,0,160
21,0.012360668,0.001493444,0.003597546,0.000792061,0.5,4,auto,poly,"{'C': 0.5, 'degree': 4, 'gamma': 'auto', 'kernel': 'poly'}",0.163265306,0.163265306,0.163265306,0.163265306,0.163265306,0.163265306,0,160
37,0.01196456,0.000624795,0.002796173,0.000753231,1,3,auto,poly,"{'C': 1, 'degree': 3, 'gamma': 'auto', 'kernel': 'poly'}",0.163265306,0.163265306,0.163265306,0.163265306,0.163265306,0.163265306,0,160
45,0.012361622,0.001194367,0.003192043,0.000745055,1,4,auto,poly,"{'C': 1, 'degree': 4, 'gamma': 'auto', 'kernel': 'poly'}",0.163265306,0.163265306,0.163265306,0.163265306,0.163265306,0.163265306,0,160
61,0.011365843,0.000469168,0.003793192,0.000748112,2,3,auto,poly,"{'C': 2, 'degree': 3, 'gamma': 'auto', 'kernel': 'poly'}",0.163265306,0.163265306,0.163265306,0.163265306,0.163265306,0.163265306,0,160
69,0.011963511,0.000631432,0.002805853,0.000751594,2,4,auto,poly,"{'C': 2, 'degree': 4, 'gamma': 'auto', 'kernel': 'poly'}",0.163265306,0.163265306,0.163265306,0.163265306,0.163265306,0.163265306,0,160
93,0.012765646,0.000398875,0.002992296,0.000892603,5,4,auto,poly,"{'C': 5, 'degree': 4, 'gamma': 'auto', 'kernel': 'poly'}",0.163265306,0.163265306,0.163265306,0.163265306,0.163265306,0.163265306,0,160
117,0.012371206,0.000794824,0.00359087,0.000487309,10,4,auto,poly,"{'C': 10, 'degree': 4, 'gamma': 'auto', 'kernel': 'poly'}",0.163265306,0.163265306,0.163265306,0.163265306,0.163265306,0.163265306,0,160
